Folder,Files,LOC,SLOC-P,SLOC-L,MVG,BLOC,C&SLOC,CLOC,CWORD,HCLOC,HCWORD
Total,109,9325,5549,2961,481,1667,110,2109,8397,6,19
E:\AshyEngine,109,9325,5549,2961,481,1667,110,2109,8397,6,19
E:\AshyEngine\AshyCommon,17,2688,1830,1062,244,444,16,414,1897,0,0
E:\AshyEngine\AshyCommon\Math,11,2320,1609,956,218,394,12,317,1441,0,0
E:\AshyEngine\AshyCommon\Properties,1,37,15,3,0,5,0,17,101,0,0
E:\AshyEngine\AshyCommon\obj,0,0,0,0,0,0,0,0,0,0,0
E:\AshyEngine\AshyCommon\obj\Debug,0,0,0,0,0,0,0,0,0,0,0
E:\AshyEngine\AshyCore,54,3689,2106,973,108,665,53,918,3639,6,19
E:\AshyEngine\AshyCore\CoreCommands,2,82,65,33,12,13,2,4,26,0,0
E:\AshyEngine\AshyCore\Debug,3,136,105,44,4,13,2,18,62,0,0
E:\AshyEngine\AshyCore\EngineAPI,10,409,258,128,17,92,9,59,265,0,0
E:\AshyEngine\AshyCore\EngineAPI\EngineCommands,3,207,148,72,17,56,3,3,31,0,0
E:\AshyEngine\AshyCore\EntityManagement,5,218,99,45,6,43,5,76,298,0,0
E:\AshyEngine\AshyCore\EntitySystem,8,454,222,104,1,94,8,138,478,0,0
E:\AshyEngine\AshyCore\Input,1,329,153,2,0,10,0,166,765,6,19
E:\AshyEngine\AshyCore\Properties,1,37,15,3,0,5,0,17,101,0,0
E:\AshyEngine\AshyCore\Resource,6,543,330,149,23,110,9,103,436,0,0
E:\AshyEngine\AshyCore\VFS,3,205,117,60,7,38,3,50,203,0,0
E:\AshyEngine\AshyCore\obj,0,0,0,0,0,0,0,0,0,0,0
E:\AshyEngine\AshyCore\obj\Debug,0,0,0,0,0,0,0,0,0,0,0
E:\AshyEngine\AshyGame,10,463,345,196,31,71,7,47,223,0,0
E:\AshyEngine\AshyGame\GameCommands,2,132,106,53,19,15,2,11,41,0,0
E:\AshyEngine\AshyGame\Properties,1,37,15,3,0,5,0,17,101,0,0
E:\AshyEngine\AshyGame\obj,0,0,0,0,0,0,0,0,0,0,0
E:\AshyEngine\AshyGame\obj\Debug,0,0,0,0,0,0,0,0,0,0,0
E:\AshyEngine\AshyPhysics,9,659,388,210,42,131,7,140,572,0,0
E:\AshyEngine\AshyPhysics\PhysicsCommands,2,169,128,64,30,30,2,11,41,0,0
E:\AshyEngine\AshyPhysics\Properties,1,37,15,3,0,5,0,17,101,0,0
E:\AshyEngine\AshyPhysics\obj,0,0,0,0,0,0,0,0,0,0,0
E:\AshyEngine\AshyPhysics\obj\Debug,0,0,0,0,0,0,0,0,0,0,0
E:\AshyEngine\AshyRenderGL,10,1176,483,293,22,235,9,458,1462,0,0
E:\AshyEngine\AshyRenderGL\Properties,1,37,15,3,0,5,0,17,101,0,0
E:\AshyEngine\AshyRenderGL\obj,0,0,0,0,0,0,0,0,0,0,0
E:\AshyEngine\AshyRenderGL\obj\Debug,0,0,0,0,0,0,0,0,0,0,0
E:\AshyEngine\AshyScripting,7,496,287,165,34,96,4,113,423,0,0
E:\AshyEngine\AshyScripting\Properties,1,37,15,3,0,5,0,17,101,0,0
E:\AshyEngine\AshyScripting\ScriptingCommands,2,138,101,54,24,26,2,11,41,0,0
E:\AshyEngine\AshyScripting\obj,0,0,0,0,0,0,0,0,0,0,0
E:\AshyEngine\AshyScripting\obj\Debug,0,0,0,0,0,0,0,0,0,0,0
E:\AshyEngine\UnitTestProject,2,154,110,62,0,25,14,19,181,0,0
E:\AshyEngine\UnitTestProject\Properties,1,37,15,3,0,5,0,17,110,0,0
E:\AshyEngine\UnitTestProject\obj,0,0,0,0,0,0,0,0,0,0,0
E:\AshyEngine\UnitTestProject\obj\Debug,0,0,0,0,0,0,0,0,0,0,0
